address,nbr_tx_in,nbr_tx_out,Tot_in,Tot_out,mean_in,mean_out,sdev_in,sdev_out,gini_in,gini_out,avg_time_btw_tx,lifetime,ponzi
0xe861ad00aed0f04b41c675ec1c1493d2ebcbe776,493,18,2.92E+21,5.47E+20,5.91E+18,3.04E+19,4.60E+19,8.99E+19,0.804542162,0.793849751,63822.13112,32613109,1
0x0ec3cd77dbc5b512b5f9e45578813e1dbbcda719,31,15,3.29E+19,3.38E+19,1.06E+18,2.25E+18,2.34E+18,7.43E+18,0.822072092,0.895364942,851413.1087,39165003,1
0x1ff3f56609d0771abb49566600febade0e708beb,108,66,8.17E+19,7.91E+19,7.57E+17,1.20E+18,8.96E+17,1.60E+18,0.57861652,0.555614537,261951.2126,45579511,1
0x9d5bdaa9d82782c03402dd5c675ae3e45b3102e2,16,26,8.71E+19,1.36E+20,5.44E+18,5.24E+18,4.56E+18,8.64E+18,0.423005166,0.677002146,6803.666667,285754,1
0xadd6f226b34957a8f59a5be195560b96323c74c7,1,1197,9.00E+17,8.74E+19,9.00E+17,7.30E+16,0,9.21E+16,0,0.508946732,827.5943239,991458,1
0x9e2a68ed6b854e2e55433b5ec8f471c7b274df51,3,1,2.70E+19,1.50E+16,9.00E+18,1.50E+16,0,0,0,0,160306.25,641225,1
0x5eabae401202b9ed9e5dfbbe2d67860361eb0a9d,2,27,4.00E+16,1.35E+20,2.00E+16,5.00E+18,1.00E+16,4.47E+18,0.25,0.444444444,212436.8621,6160669,1
0xc305b6401643b63dd9d74040bb16bb5c8bbbaa88,15,4,1.35E+20,4.29E+17,9.00E+18,1.07E+17,0,3.81E+16,0,0.196148106,496638.0526,9436123,1
0xf45717552f12ef7cb65e95476f217ea008167ae3,37,2,1.90E+20,2.02E+16,5.14E+18,1.01E+16,4.16E+18,5.00E+14,0.443497574,0.024752475,77449.4359,3020528,1
0xa864694cacdf27900afb3c32b1b07aea3c465dde,2,213,4.00E+16,4.01E+19,2.00E+16,1.88E+17,1.00E+16,1.36E+18,0.25,0.653251117,15976.49767,3434947,1
0xa0285193e366a634fd9639d650b2115d77681a37,16,2,1.27E+20,2.00E+18,7.95E+18,1.00E+18,6.62E+18,9.80E+17,0.409946131,0.49,71810.27778,1292585,1
0x3325439082ff8ba7371dfdaa1af297bbfcac21b2,14,8,5.37E+19,1.79E+19,3.83E+18,2.23E+18,1.28E+19,1.73E+18,0.894979904,0.432218802,43556.36364,958240,1
0x21905ebd9e1f9587c7b3685d424679f16cccbb58,22,36,2.32E+19,1.11E+20,1.05E+18,3.08E+18,4.84E+17,4.77E+18,0.123432602,0.70207677,70866.68966,4110268,1
0xc1824278b767d9efb304c63128b1a92babc3fa4b,618,100,4.36E+21,8.68E+19,7.06E+18,8.68E+17,3.84E+18,1.32E+18,0.277879942,0.672717557,87069.5571,62515942,1
0xca7c390f8f843a8c3036841fde755e5d0acb97da,7,4,2.80E+19,1.01E+19,4.00E+18,2.53E+18,3.12E+18,1.26E+18,0.367128319,0.215346535,4049513.273,44544646,1
0x49f053b866c33185fa1151e71fc80d5fe6b08a92,4,5,7.00E+18,6.00E+18,1.75E+18,1.20E+18,8.29E+17,0,0.25,0,42863.22222,385769,1
0xee462a6717f17c57c826f1ad9b4d3813495296c9,12,38,1.47E+19,8.75E+19,1.22E+18,2.30E+18,1.04E+18,4.91E+18,0.463782544,0.815517088,8614.24,430712,1
0x303e50180fe5794ba066e227f376b22341aad497,2,360,1.39E+17,7.88E+20,6.95E+16,2.19E+18,3.06E+16,2.68E+18,0.219942405,0.605936229,84092.1326,30441352,1
0xb5aff01f3e820735fac9abb594dc9993cb9e5bd2,27,46,9.96E+19,5.89E+19,3.69E+18,1.28E+18,2.28E+18,2.12E+17,0.329348736,0.037194293,67207.63014,4906157,1
0xed41e841ed150f8fb1febc8c443a113c1cd95a1d,343,109,7.49E+21,1.84E+18,2.18E+19,1.69E+16,3.19E+19,3.33E+16,0.696583424,0.768753651,141557.8075,63984129,1
0x19a6067538c90973ef5dc31ded5fa567f3d09059,15,3,1.35E+20,9.00E+18,9.00E+18,3.00E+18,0,0,0,0,113114.2222,2036056,1
0x7d56485e026d5d3881f778e99969d2b1f90c50af,2,1,1.00E+19,9.09E+16,5.00E+18,9.09E+16,0,0,0,0,546375,1639125,1
0x09515cb5e3acaef239ab83d78b2f3e3764fcab9b,2,19,1.00E+19,3.46E+20,5.01E+18,1.82E+19,0,3.12E+19,0,0.746622397,249104.6667,5231198,1
0xa7481af3bbc9d902c02f58204c5683052de53330,25,1257,2.21E+19,1.33E+21,8.84E+17,1.06E+18,3.14E+17,8.07E+18,0.115652568,0.941914286,47466.78471,60852418,1
0x4668cd871eba35997e1fbe66d0eddf6612d018ce,17,83,4.99E+18,1.11E+20,2.93E+17,1.34E+18,4.72E+17,2.78E+18,0.698817746,0.805680595,4164.52,416452,1
0x772cba2f87f92e95bb8ffa96187bbedebbb484d3,1,2,1.50E+20,1.75E+16,1.50E+20,8.75E+15,0,4.75E+15,0,0.271428571,2615555.333,7846666,1
0x446d1696a5527018453cda3d67aa4c2cd189b9f6,13,407,1.47E+19,2.84E+20,1.13E+18,6.98E+17,5.59E+17,1.48E+18,0.167451596,0.718916497,54779.47619,23007380,1
0xe8b55deaced913c5c6890331d2926ea0fcbe59ac,1,7,1.00E+17,2.41E+19,1.00E+17,3.45E+18,0,6.84E+18,0,0.794282629,7288240.5,58305924,1
0xb1d58bad78f33892719cdeba218f8641a71a3f05,6,9,1.20E+17,4.50E+19,2.00E+16,5.00E+18,1.53E+16,4.47E+18,0.361111111,0.444444444,168052.7333,2520791,1
0x43bbc7fafb860d974037b8f7dd06b6f6fe799b3e,6,1,6.01E+18,1.00E+18,1.00E+18,1.00E+18,5.74E+17,0,0.275929007,0,518091.1429,3626638,1
0xcaaca224e35d0a1fa3304a3c4ec8beb5f28a99aa,36,1,3.14E+19,1.13E+19,8.73E+17,1.13E+19,1.85E+18,0,0.794309304,0,2482331.595,91846269,1
0xea06c9cb0d69058468387f283e9a3f61c53e3c21,20,16,2.23E+19,1.60E+20,1.12E+18,1.00E+19,9.59E+17,0,0.461210762,0,8687.75,312759,1
0x294308484f47ff5a833a284ac6949eb02728fbe4,5,19,1.49E+18,6.63E+20,2.98E+17,3.49E+19,1.06E+17,3.67E+19,0.182550336,0.5602312,132989.625,3191751,1
0x007d42b9192b8c087b0d3e6ef73aae48e74b41c1,21,5,2.10E+20,2.82E+19,1.00E+19,5.65E+18,0,6.26E+18,0,0.559688275,140685.5,3657823,1
0xb336a86e2feb1e87a328fcb7dd4d04de3df254d0,1,1,2.01E+18,3.72E+16,2.01E+18,3.72E+16,0,0,0,0,23405300,46810600,1
0xf243688304fa4f6c6efadc22b9c1dd009aa76650,6,19,3.80E+19,7.85E+20,6.33E+18,4.13E+19,1.06E+19,3.88E+19,0.675438596,0.520184572,48533.72,1213343,1
0x89c2352cb600df56fe4bfb5882caadef3e96213f,153,7,3.07E+21,2.00E+18,2.01E+19,2.86E+17,2.69E+19,3.30E+17,0.643462944,0.575892857,292044.675,46727148,1
0xa39fcb48adf288f143459d57a1a0756718c919ae,268,28,5.33E+21,1.99E+19,1.99E+19,7.11E+17,3.00E+19,8.87E+17,0.720717732,0.583094042,156019.7399,46181843,1
0x02b2101903eb6a51518e63e84b785180859fda9d,154,1,4.16E+20,2.50E+18,2.70E+18,2.50E+18,7.83E+18,0,0.853795322,0,477515.1677,74014851,1
0x0b230b071008bbb145b5bff27db01c9248f486b9,4,2,2.22E+18,5.01E+18,5.56E+17,2.51E+18,4.44E+17,2.45E+18,0.401978801,0.49,46823.16667,280939,1
0x7fd6d3537b39842cfe16e813851296d4745b51a7,57,13,2.74E+20,1.87E+19,4.81E+18,1.44E+18,3.55E+18,2.26E+18,0.400464489,0.656619178,85541.92857,5987935,1
0x4028b9672bfd71ba2fcd97a6c82e06f72eaa14ba,14,46,1.40E+19,1.74E+20,1.00E+18,3.78E+18,0,5.04E+18,0,0.64119924,28363.9,1701834,1
0xd0e614953de3dd3d4816b195d261769efd880a50,12,11,1.38E+19,3.85E+19,1.15E+18,3.50E+18,1.50E+18,3.51E+18,0.641669694,0.490989631,199031.3478,4577721,1
0xf7070fc72e2b92c6309785a39338d7c919a3cf4a,8,535,1.07E+19,2.57E+19,1.34E+18,4.80E+16,8.70E+17,8.09E+16,0.323597011,0.731182664,63972.15654,34736881,1
0x2464d1d97f8d0180cfad67bdb19bc30cca69dda0,6,32,5.10E+19,8.70E+19,8.50E+18,2.72E+18,3.35E+18,3.67E+18,0.147058824,0.645474138,356123.1579,13532680,1
0xc58492b3b14f658adff566c988029308505f81b5,3,2,4.50E+16,3.05E+16,1.50E+16,1.53E+16,7.07E+15,3.75E+15,0.222222222,0.12295082,1698708.2,8493541,1
0x0389a06b028526b05966c287370bebefa0082176,77,197,8.66E+19,3.13E+20,1.12E+18,1.59E+18,1.41E+18,2.55E+18,0.623183122,0.746147692,270127.1934,74014851,1
0x75aa81161e07483f6ca199fef46c13eb13d190be,31,14,7.89E+19,6.58E+18,2.54E+18,4.70E+17,1.78E+18,1.14E+18,0.359036388,0.813034791,1984625.489,89308147,1
0xd57ad441160865b7393be8c8244a69957dc4d53e,1,143,2.00E+18,7.44E+21,2.00E+18,5.20E+19,0,5.52E+19,0,0.569961617,41241.34028,5938753,1
0x16a4ff536001405f2b0d7ddafc79f6a10d024640,2,24,4.00E+16,1.35E+20,2.00E+16,5.60E+18,1.00E+16,8.07E+18,0.25,0.694946698,134030.8077,3484801,1
0xab7689c7be6d9b5428d6bf4c536dc699fc919260,48,1,2.60E+19,9.50E+15,5.42E+17,9.50E+15,1.32E+18,0,0.664568986,0,1252208.776,61358230,1
0xfeeb8a968f0d7fd58e29fbfc525051f50ee2fedc,51,18,7.45E+20,1.36E+19,1.46E+19,7.55E+17,2.08E+19,1.28E+18,0.670426843,0.749232863,1594754.928,110038090,1
0x3e84512f277a5081b9209831c51bce665035d9db,18,2,2.62E+20,5.10E+19,1.45E+19,2.55E+19,2.58E+19,2.45E+19,0.751878068,0.480392157,927167.35,18543347,1
0xbe46324018124b2d604c2f3eae91d3de9b388b09,431,6,5.52E+21,4.01E+19,1.28E+19,6.68E+18,3.03E+19,4.70E+18,0.769740063,0.331918788,150935.9954,65959030,1
0x99925cc9a57f5e473ff22314cfe0627a0bfcceb4,1,19,1.00E+17,7.34E+19,1.00E+17,3.86E+18,0,4.25E+18,0,0.532343924,184168.65,3683373,1
0x37b53b46fa74ac3f9b4340dc5a39aabb0f2afa33,243,43,8.51E+20,2.64E+20,3.50E+18,6.14E+18,2.03E+18,4.25E+18,0.28697832,0.380446857,21467.3042,6139649,1
0x5158cf97c3e001b402ccb0f9063736ee8d6dad5a,5,24,8.50E+17,1.50E+20,1.70E+17,6.26E+18,2.45E+16,8.44E+18,0.070588235,0.553186815,120190.6552,3485529,1
0x1ce7986760ade2bf0f322f5ef39ce0de3bd0c82b,5,2,6.00E+20,2.01E+18,1.20E+20,1.01E+18,4.00E+19,9.85E+17,0.133333333,0.49,1337050.286,9359352,1
0x80d9c4f6209044de069c545f68644419b520a02f,2,12,2.00E+16,9.37E+18,1.00E+16,7.80E+17,0,6.83E+17,0,0.48340452,913630.5,12790827,1
0x0d5919572552c6c8c752aa402bd033f2b2886bbc,2,69,3.00E+18,1.10E+20,1.50E+18,1.59E+18,1.50E+18,3.21E+18,0.499996667,0.752009472,676384.7042,48023314,1
0xa379bbdd0af814502eb9b38d475c7fa7411bb4ec,6,25,2.50E+19,4.55E+19,4.17E+18,1.82E+18,1.86E+18,2.55E+18,0.166266827,0.64828267,34409.35484,1066690,1
0xcff9cb72d19c10df754ae7be6d280e379cdb2354,30,66,1.37E+20,1.36E+21,4.58E+18,2.07E+19,4.26E+18,3.45E+19,0.489430715,0.716958672,829894.8438,79669905,1
0x51170b18bca7896b49c52dcc18e66e5c921e100f,1,4,5.00E+17,1.26E+18,5.00E+17,3.14E+17,0,3.11E+17,0,0.522684737,144305.6,721528,1
0x422f8015c5d8168edee923749701360a8a4d0703,1,2,1.00E+17,1.59E+18,1.00E+17,7.95E+17,0,2.20E+17,0,0.13836478,1808737,5426211,1
0xf1c1648f6f0edbcf7d898441b88e489cfaace11d,130,12,1.04E+21,4.91E+18,7.98E+18,4.10E+17,1.30E+19,5.93E+17,0.706839177,0.66456629,57626.10563,8182907,1
0x8ea6c8077d6316b46e449aec8fb60a606cf50eea,12,1,1.20E+17,1.50E+20,1.00E+16,1.50E+20,0,0,0,0,1542702.538,20055133,1
0xfd2487cc0e5dce97f08be1bc8ef1dce8d5988b4d,21,2,2.10E+19,2.04E+16,1.00E+18,1.02E+16,0,4.80E+15,0,0.235294118,733853.2609,16878625,1
0x14d7a3f1767b94b366ba29b4f774588459359f27,12,66,1.08E+19,8.95E+20,9.03E+17,1.36E+19,1.32E+18,2.08E+19,0.608856089,0.69525497,53793.19231,4195869,1
0x7d3ae940eb73dc9131758ad2e326c7d863b0916a,18,7,1.38E+20,1.10E+17,7.67E+18,1.57E+16,8.09E+18,6.02E+15,0.502415459,0.14025974,105636.96,2640924,1
0x1213c29b5e1a6f33e0d044f850a57b665e3cde21,11,21,5.23E+20,1.34E+20,4.75E+19,6.38E+18,4.79E+19,1.14E+19,0.507561272,0.714410449,49245.53125,1575857,1
0x55d035ba1f4ae932cf98125b93d830d9858cd39f,6,6,1.50E+16,2.70E+19,2.50E+15,4.50E+18,9.57E+14,4.19E+18,0.211111111,0.499950619,53402.58333,640831,1
0x428da5ff72d8be0efaa85336b6c6a9fc9e0f73fe,866,57,8.92E+20,3.07E+21,1.03E+18,5.39E+19,5.85E+17,3.91E+19,0.047000696,0.400728593,72313.54388,66745401,1
0xba69e7c96e9541863f009e713caf26d4ad2241a0,4,46,3.13E+19,1.62E+19,7.83E+18,3.52E+17,3.75E+18,2.74E+17,0.207548675,0.386140918,105249.22,5262461,1
0x5c3578f62ccd0b126214daa589ca11c7dc681acf,60,8,1.38E+20,1.10E+19,2.30E+18,1.38E+18,3.52E+18,2.10E+18,0.58978186,0.690766748,19295.33824,1312083,1
0xd2dc2625079d2eb5d31a03ce2372304a23fb7b42,1,2,1.00E+17,6.00E+20,1.00E+17,3.00E+20,0,1.00E+20,0,0.166666667,3170533,9511599,1
0xe19e5f100d6a31169b5dca265c9285059c41d4f6,1,5,2.00E+17,3.40E+19,2.00E+17,6.80E+18,0,1.34E+19,0,0.793647059,138901.1667,833407,1
0xa9fa83d31ff1cfd14b7f9d17f02e48dcfd9cb0cb,8,499,1.88E+19,4.49E+21,2.35E+18,9.00E+18,2.24E+18,4.68E+18,0.488031915,0.263354565,596.9329389,302645,1
0x723dff0e27cc38b80556f5e05dfdbdcb721654d7,27,3,4.20E+17,7.00E+18,1.56E+16,2.33E+18,6.85E+15,1.25E+18,0.206349206,0.285714286,1461622.5,43848675,1
0x6492904953ed9015d6b37f8063b65c8de105d837,32,236,7.77E+19,4.09E+19,2.43E+18,1.73E+17,2.96E+18,2.33E+17,0.551132597,0.526389959,77663.0597,20813700,1
0xba6284ca128d72b25f1353fadd06aa145d9095af,542,23,1.15E+21,3.04E+17,2.12E+18,1.32E+16,1.05E+19,5.00E+15,0.952377252,0.16819222,107583.0248,60784409,1
0x7894ccf2997c8c89a80b86faa012d09d53ed48b9,4,3,3.60E+19,1.39E+17,9.00E+18,4.63E+16,0,5.57E+16,0,0.581323349,4353272.286,30472906,1
0xe82719202e5965cf5d9b6673b7503a3b92de20be,26,17,4.06E+19,9.75E+16,1.56E+18,5.74E+15,1.90E+18,5.66E+15,0.476767562,0.485671192,94472.27907,4062308,1
0xa259e6bcade86c770cb5214c789ee107662831a6,3,17,1.33E+19,8.41E+19,4.43E+18,4.94E+18,1.02E+18,3.40E+18,0.114997869,0.355712306,16009.65,320193,1
0xc357a046c5c13bb4e6d918a208b8b4a0ab2f2efd,2,1,4.00E+16,1.90E+16,2.00E+16,1.90E+16,1.00E+16,0,0.25,0,295,885,1
0xdcb13fa157eebf22ddc8c9aa1d6e394810de6fa3,29,6,1.23E+20,3.88E+17,4.23E+18,6.47E+16,4.42E+18,8.00E+16,0.51864591,0.605670103,13490.88571,472181,1
0x4865e85c72a27ca6c362da75ba6707c07464b953,11,8,7.68E+18,4.40E+19,6.98E+17,5.50E+18,9.50E+17,4.50E+18,0.667930115,0.409090909,2058789.842,39117007,1
0xf52ecc525d998eb880911a268b0fa4bc7d69a435,84,26,9.94E+19,6.64E+20,1.18E+18,2.55E+19,1.52E+18,2.69E+19,0.472318325,0.549829557,37337.58182,4107134,1
0xf767fca8e65d03fe16d4e38810f5e5376c3372a8,2,168,2.10E+16,5.30E+21,1.05E+16,3.16E+19,5.00E+14,5.83E+19,0.023809524,0.760233477,352749.6,59967432,1
0x787e3cef5edd94089ab3988775fcb24a1582b38f,4,30,7.60E+18,2.28E+19,1.90E+18,7.60E+17,1.83E+18,8.19E+17,0.473831468,0.502114949,19809.76471,673532,1
0xf70ce1be9685b0cfb531bc712d3faace858b5bfb,179,3,1.42E+21,1.99E+18,7.91E+18,6.64E+17,1.50E+19,2.06E+17,0.707658254,0.159049054,444569.4011,80911631,1
0x4fb663c1616bfe80b5b6d5a214efa81d5a121801,3,2,1.32E+18,2.00E+18,4.40E+17,1.00E+18,4.19E+16,0,0.044897905,0,4873455.2,24367276,1
0xd12d8f8dfa54f1578b2177f99b2e282367b66b13,3,4,2.60E+17,5.26E+18,8.67E+16,1.32E+18,5.79E+16,7.70E+17,0.358974359,0.30513308,521444.5714,3650112,1
0x1afd952269873fe009c7bdff5f07fd91605a7227,16,23,4.56E+19,1.51E+20,2.85E+18,6.56E+18,2.43E+18,4.64E+18,0.416371308,0.368148117,35061,1367379,1
0x0f26c26318872e8fa85dee5d30cba45ed53b3d3e,1,10,1.00E+17,1.91E+19,1.00E+17,1.91E+18,0,1.34E+18,0,0.295178197,293793.7273,3231731,1
0x41f2d5040726c5328f8366f17041ec012ac8f338,1,161,2.00E+18,4.83E+21,2.00E+18,3.00E+19,0,6.90E+19,0,0.781496464,171860.7469,27841441,1
0x43e49c79172a1be3ebb4240da727c0da0fa5d233,2,22,6.00E+15,1.07E+19,3.00E+15,4.86E+17,2.00E+15,2.06E+18,0.333333333,0.927985735,23014.375,552345,1
0x2a53f42ad8bba138c21b50a4e5711f18381a61e9,5,1,4.10E+17,1.96E+16,8.20E+16,1.96E+16,4.45E+16,0,0.282926829,0,442256.6667,2653540,1
0xe7f06e64e0d04c6cfedf7e9079d56d0fb7200a2e,45,24,8.24E+20,1.83E+19,1.83E+19,7.63E+17,1.82E+19,2.34E+18,0.547088759,0.858803439,976777.4493,67397644,1
0x40b88bbd78cb0441259de7a7d608a39b7388369a,62,31,6.11E+19,1.99E+20,9.85E+17,6.42E+18,1.13E+17,6.82E+18,0.014492371,0.517425839,39493.31183,3672878,1
0x49c3019b7a83b3c77a823255533975969027308d,60,23,1.84E+19,5.87E+19,3.07E+17,2.55E+18,2.86E+17,2.63E+18,0.465163386,0.47792168,505179.7349,41929918,1
0xfe9c69945687539fabbf531133838d9cce522a76,205,27,5.08E+20,1.35E+20,2.48E+18,5.00E+18,1.19E+19,4.47E+18,0.598710644,0.444444444,299489.7543,69481623,1
0x316201f586706aaa2795bc2a3f0bad2379c363e4,24,9,6.55E+20,5.11E+18,2.73E+19,5.68E+17,3.44E+19,8.05E+17,0.63100276,0.670580561,1214964.939,40093843,1
0x496a84aeaa78f6fc8ed458904d7f2d52b222e823,15,1,1.11E+19,2.10E+16,7.39E+17,2.10E+16,1.31E+18,0,0.745848375,0,5581767.813,89308285,1
0x258d778e4771893758dfd3e7dd1678229320eeb5,15,0,1.66E+19,0,1.11E+18,0,1.64E+18,0,0.693622142,0,188794.6667,2831920,1
0xd361e374be9e3907fceac60c6ea5cbdce89fc9ae,50,0,3.40E+19,0,6.79E+17,0,6.54E+17,0,0.500256189,0,10045.6,502280,1
0x99d982e49bcb5465a6b4c1e0ec4341c912d9ba42,2,0,2.21E+17,0,1.11E+17,0,9.50E+15,0,0.042986425,0,239,478,1
0xa9e4e3b1da2462752aea980698c335e70e9ab26c,17,0,2.03E+19,0,1.20E+18,0,1.03E+18,0,0.442721031,0,374,6358,1
0x4229a873bbd207deef8f41e807e563c26033d118,2,0,2.00E+16,0,1.00E+16,0,0,0,0,0,49608.5,99217,1
0x85c84c949b1c29c85b777f2873a19450dbb1a057,12,0,5.40E+19,0,4.50E+18,0,4.39E+18,0,0.296520961,0,105322.0833,1263865,1
0xfe3672eff595cfd36ed05aaf4622d1aec3b5e852,44,0,1.49E+20,0,3.39E+18,0,3.95E+18,0,0.531366041,0,144.6590909,6365,1
0xeacba276ff97853102c3d540b663c08ec7fbe0ed,5,0,4.50E+19,0,9.00E+18,0,0,0,0,0,71.4,357,1
0x750241c16c9fb878a7afd2b07b80f53e02c3f634,6,0,3.85E+18,0,6.42E+17,0,3.81E+17,0,0.318181818,0,524.6666667,3148,1
0xa83c4a6d0418074655bdbe74fed8435c46c19f66,3,0,2.75E+18,0,9.17E+17,0,1.18E+17,0,0.060606061,0,1062392.667,3187178,1
0xcac337492149bdb66b088bf5914bedfbf78ccc18,17,0,1.44E+20,0,8.48E+18,0,2.12E+18,0,0.058823522,0,3821116.235,64958976,1
0x687a241422c92e3d15ce6a02c832f800b74c8b3c,7,0,6.10E+18,0,8.71E+17,0,3.15E+17,0,0.1264637,0,264.4285714,1851,1
0xc352add7ad8cac8baa839d8c88e7e9d7df9a219b,25,1,7.62E+17,1.07E+18,3.05E+16,1.07E+18,3.23E+16,0,0.497847769,0,1054197.577,27409137,0
0x4162178b78d6985480a308b2190ee5517460406d,1963,6,7.70E+20,1.00E+18,3.92E+17,1.67E+17,8.12E+17,7.38E+16,0.756409046,0.164670659,18369.71407,36169967,0
0x0c495b4716462d89c564ba79e7de477b543e0e30,85,3,1.10E+20,2.72E+17,1.29E+18,9.07E+16,2.98E+18,6.61E+16,0.820401537,0.378676471,619822.8864,54544414,0
0x1d1811189e2a8dd8d5f22cdc164273bf3d6fdd43,2332,18,1.50E+20,1.85E+17,6.45E+16,1.03E+16,2.65E+17,1.57E+16,0.938596525,0.711516346,20353.68468,47831159,0
0xfd0174784ebce943bdb8832ecdea9fea30e7c7a9,537,726,6.80E+19,2.18E+18,1.27E+17,3.01E+15,3.75E+17,1.34E+16,0.771998992,0.873045731,32138.74901,40591240,0
0x66656bff674879b76ccd561f61fc716e54aa6668,50,4,2.98E+17,2.50E+18,5.95E+15,6.25E+17,9.53E+15,3.48E+17,0.733613445,0.295,447776.6296,24179938,0
0xc02aaa39b223fe8d0a0e5c4f27ead9083c756cc2,133,7,4.22E+19,2.53E+17,3.18E+17,3.62E+16,1.46E+18,2.98E+16,0.866321494,0.457503807,232471.9643,32546075,0
0x79a0bf1ed1ef168d78993fec93e6ad786064a7ed,82,33,1.15E+20,4.17E+18,1.40E+18,1.26E+17,5.51E+18,3.93E+17,0.735934506,0.86664003,325855,37473325,0
0x9b45b116b68c388e49610c9be585dbee201467a7,80,102,8.44E+18,2.02E+18,1.06E+17,1.98E+16,6.82E+16,2.33E+16,0.323123557,0.541125885,108930.1154,19825281,0
0x508404d6f5342b4a11a08e8be3f9bb2ddbdc189f,9,120,5.90E+16,1.66E+20,6.56E+15,1.38E+18,4.14E+15,3.65E+18,0.331450094,0.839700301,256467.0078,33084244,0
0x13793e8c72f81999fdc89f2731c9a4c895aac2de,2995,2,1.12E+21,1.09E+17,3.73E+17,5.45E+16,5.29E+17,1.75E+16,0.592252395,0.160550459,8186.38672,24534601,0
0x5085c5356129ee11bffb523e3166d7153ac13c75,194,4085,2.10E+19,4.64E+20,1.08E+17,1.13E+17,3.93E+17,1.48E+18,0.789697996,0.9767204,7036.127834,30107591,0
0x752c4e4e90846c5673c3791b9809f71b7d4a638a,97,853,9.80E+17,4.78E+20,1.01E+16,5.60E+17,0,1.93E+18,0,0.812741842,61082.36947,58028251,0
0x7da247644c9f5bc0ea4e2c789ebf69569cdd3f1a,3,13,2.50E+18,1.80E+19,8.33E+17,1.39E+18,2.36E+17,1.95E+18,0.133333333,0.504178748,163622.4375,2617959,0
0x7d916724a14ede929aa308c2a3e18e9d05ba570a,7831,1,4.52E+20,2.38E+15,5.78E+16,2.38E+15,9.64E+16,0,0.655689525,0,5858.201098,45881431,0
0xaf21ae125cb7c6fb29798b5835b806aeb6cd9aae,259,161,1.81E+19,1.71E+17,6.99E+16,1.06E+15,2.51E+17,5.19E+14,0.72411291,0.057680433,43390.7,18224094,0
0xbdd021489de3f083e5aaa2d8cb6ba62db2902485,1,9694,2.50E+15,4.65E+20,2.50E+15,4.79E+16,0,1.01E+17,0,0.750875446,4491.183394,43542023,0
0x0be5e8f107279cc2d9c3a537ed4ea669b45e443d,10920,1864,2.39E+20,3.36E+21,2.19E+16,1.80E+18,1.02E+17,7.16E+18,0.80553638,0.779737959,4554.87985,58229584,0
0x9d31a523718e06f630de0757538f4fb2e2adeb35,1,206,1.00E+17,4.58E+18,1.00E+17,2.22E+16,0,9.70E+16,0,0.84351358,161621.6473,33455681,0
0x9eea7965ee59c304f81d602ae1d9a3d624429d9d,5,6,4.05E+19,5.06E+16,8.10E+18,8.43E+15,2.00E+17,1.66E+16,0.009876543,0.734483832,1059242.818,11651671,0
0x0947b0e6d821378805c9598291385ce7c791a6b2,57,322,2.96E+18,1.23E+19,5.18E+16,3.83E+16,1.97E+16,2.01E+17,0.188084424,0.915998381,37209.83641,14102528,0
0x99a650192e81772657c7dc047d2e18f67c758e94,2,174,5.03E+19,2.77E+18,2.51E+19,1.59E+16,2.49E+19,2.77E+16,0.495024876,0.653472364,467430.3466,82267741,0
0xa76daa02c1a6411c6c368f3a59f4f2257a460006,175,3977,1.70E+20,8.85E+21,9.74E+17,2.22E+18,2.51E+18,5.98E+18,0.807429437,0.887051413,5513.789499,22893254,0
0xfe53d681d34cf379782d25af69990f6a707d30d8,1213,1330,1.24E+20,5.92E+20,1.02E+17,4.45E+17,2.04E+17,8.64E+17,0.572658113,0.747202526,19275.89579,49018603,0
0x9b5bbb16a7a68660f6503eff6c8e3159820d6396,212,630,5.39E+18,1.28E+21,2.54E+16,2.04E+18,8.65E+16,6.61E+18,0.848043197,0.857348419,28465.92399,23968308,0
0x48e18ddad6c56062630092ddbd9003704c44acf0,1053,1,1.39E+21,3.92E+18,1.32E+18,3.92E+18,4.10E+18,0,0.796956519,0,12890.66603,13586762,0
0x12459c951127e0c374ff9105dda097662a027093,6885,304,1.83E+20,2.70E+19,2.66E+16,8.88E+16,1.70E+17,1.67E+17,0.263379213,0.678423297,5939.716929,42700625,0
0xee85966b4974d3c6f71a2779cc3b6f53afbc2b68,482,1,8.27E+19,2.56E+20,1.72E+17,2.56E+20,4.34E+17,0,0.702007168,0,91536.90269,44212324,0
0x37304b0ab297f13f5520c523102797121182fb5b,3465,13425,1.09E+21,2.40E+20,3.15E+17,1.79E+16,2.34E+17,9.34E+16,0.366644556,0.842321824,3345.554233,56506411,0
0xd7657bdf782f43ba7f5f5e8456b481616e636ae9,130,1386,8.08E+19,7.83E+19,6.22E+17,5.65E+16,7.98E+17,1.23E+17,0.490805899,0.775310857,17747.63325,26905412,0
0xfc88a9f06f5fe0de2dac95c5fada7a8b3b3d610d,186,27,5.61E+19,1.45E+20,3.01E+17,5.37E+18,4.28E+17,1.48E+19,0.474840053,0.72633282,206033.4836,43885132,0
0xbfa5c2f2b2ea28d7cad06d8a5ad796425ab999c5,76,1855,5.44E+19,1.03E+20,7.16E+17,5.57E+16,1.93E+18,8.75E+17,0.836754107,0.820978048,18690.45676,36091272,0
0xd2cbca4449adb54ecddb3a65faf204b5e1790c3e,297,5,1.34E+19,4.05E+19,4.50E+16,8.10E+18,3.18E+17,2.00E+17,0.882450617,0.009876543,46714.72517,14107847,0
0x2c38b6023509aeb6437491dbce27d87e3ad37310,179,23,2.57E+20,5.41E+17,1.43E+18,2.35E+16,4.93E+18,2.59E+16,0.820338491,0.490200537,179844.9851,36328687,0
0x93ffa4dca8ed05c30c44d11ddbd276b71f4017be,2894,406,3.73E+21,5.90E+19,1.29E+18,1.45E+17,5.22E+18,2.73E+17,0.79873807,0.738203926,17663.88242,58290812,0
0xba6db65ce7a226a5fad3126302118cf8f5c50012,476,4543,3.83E+19,1.26E+21,8.04E+16,2.76E+17,7.60E+16,1.42E+18,0.32584105,0.831102073,9413.099223,47244345,0
0xfde889c9354d09cec72845e76a0d9f97f4686f7a,12,174,2.42E+18,9.44E+18,2.02E+17,5.43E+16,0,6.02E+16,0,0.544859959,56154.92473,10444816,0
0x5101067e64f9e564bed7dd9c7378d7cc9dd5f550,103,23,1.58E+19,6.25E+17,1.54E+17,2.72E+16,4.95E+17,3.97E+16,0.872018381,0.709340857,98163.74603,12368632,0
0x3a1957a0b9755d78c77e301410b254b6147a400c,36,57,1.82E+18,5.23E+19,5.06E+16,9.17E+17,1.06E+17,2.04E+18,0.807478726,0.793093738,258428.957,24033893,0
0x675821e8e9c4a14611e1851b2614f4ece718c43a,10,565,3.09E+17,4.54E+19,3.09E+16,8.03E+16,3.95E+16,3.01E+17,0.533977452,0.575783584,26496.52,15235499,0
0x9d24335fd550568615bc81f8c0aa72aaa70ab93a,574,29,3.03E+19,7.74E+19,5.29E+16,2.67E+18,1.02E+17,4.23E+18,0.487389564,0.684872344,40424.267,24375833,0
0x2bba3cf6de6058cc1b4457ce00deb359e2703d7f,1,6,1,4.18E+17,1,6.96E+16,0,8.94E+16,0,0.616633685,4339780.571,30378464,0
0xcf70f36f8fd04713b33900bab530fd2f63ed9ae0,15,4,8.73E+16,3.78E+18,5.82E+15,9.45E+17,4.38E+15,9.23E+17,0.420465827,0.464125746,492862.7895,9364393,0
0x2e7570255ac8c449217fb15405fac01f5408d114,4,22,4.00E+16,1.15E+20,1.00E+16,5.22E+18,0,1.21E+19,0,0.786765055,1420112.808,36922933,0
0x2af0f9b7d975d11507deba15405c846c5f1fb152,31,16,1.80E+19,2.42E+18,5.81E+17,1.51E+17,7.50E+17,2.65E+17,0.628717969,0.746875,188464.7447,8857843,0
0x59670e7f172eafea08f44a308158c65e314a0df9,59,2532,1.45E+20,2.90E+20,2.46E+18,1.14E+17,7.03E+18,1.83E+18,0.633070907,0.923895239,18533.28445,48019740,0
0x22c294bbf61c3c60a5271d245ac8c620c438e0e4,35,52,4.69E+17,1.87E+18,1.34E+16,3.59E+16,3.13E+16,1.47E+17,0.642917241,0.853510003,331097.069,28805445,0
0x7f12c4f39fc2e3158d5a11b2387aeb4ab892d54c,21,58,1.57E+20,4.48E+19,7.50E+18,7.72E+17,2.19E+19,4.08E+18,0.868885625,0.965912717,680829.2658,53785512,0
0x0b4597d45be69bf1571b32e78ec02730f9743d3e,27,459,2.20E+18,3.44E+19,8.13E+16,7.50E+16,1.37E+17,2.94E+17,0.620264912,0.865658955,69745.11111,33896124,0
0x0ab2c9e20aa31fd3a3728a86f2526cca06a2b76d,98,510,1.88E+20,4.43E+18,1.92E+18,8.68E+15,9.73E+18,5.83E+16,0.911951326,0.810779948,24341.3125,14799518,0
0x680ef4513090072697f585ea6bb3189033136b36,85,140,3.29E+18,5.32E+19,3.87E+16,3.80E+17,3.83E+16,1.22E+18,0.476725177,0.820635594,218599.6089,49184912,0
0xb44d36a18b18015c546f5efa37bb1e3db5f24063,16,103,1.51E+18,8.17E+18,9.44E+16,7.93E+16,2.37E+17,9.38E+16,0.76365894,0.345093938,22939.10924,2729754,0
0x4e71b5e47a7e4f8eaccff4ade0e3292f80780cf0,243,393166,5.32E+19,8.94E+24,2.19E+17,2.27E+19,7.63E+17,3.37E+20,0.832429991,0.934972535,155.2494351,61076525,0
0xd70c3f752feb69ecf8eb31e48b20a97d979e8e5e,63,53,9.32E+16,1.10E+20,1.48E+15,2.07E+18,4.33E+15,3.82E+18,0.888592735,0.771839121,294896.2672,34207967,0
0x15dd447b5ecf63432909a4655037b43898fabf19,442,1080,2.88E+19,3.32E+19,6.51E+16,3.08E+16,1.79E+17,9.32E+16,0.728241888,0.736984696,34383.01708,52330952,0
0x6b31a2ef5986d283332e4a3a608adb3c09ffdd13,44,55,8.80E+17,8.81E+16,2.00E+16,1.60E+15,0,4.61E+15,0,0.890683626,614580.5455,60843474,0
0x927764bb17ce8b9f8c3a930ca4472d611ee93173,317,5,1.42E+20,3.31E+16,4.47E+17,6.62E+15,1.74E+18,5.33E+15,0.6877649,0.406405802,112780.3696,36315279,0
0xbc86727e770de68b1060c91f6bb6945c73e10388,47,45,3.40E+18,6.30E+18,7.24E+16,1.40E+17,1.09E+17,3.78E+17,0.654442726,0.589940035,267526.1087,24612402,0
0x19080df0360ce52b1068d54e1769182d9cc2b218,7,21,3.22E+18,2.17E+18,4.60E+17,1.03E+17,6.72E+17,1.43E+17,0.678793256,0.622782526,138773.3571,3885654,0
0x0c9a488c025db96ce8a834cd3412661f46833a28,285,14,1.84E+19,2.37E+18,6.47E+16,1.69E+17,2.04E+17,1.57E+17,0.806123228,0.496928647,63067.35786,18857140,0
0x826f6d1242231b70832d009f7d2c99a0ca8b7a12,780,809,3.30E+21,1.27E+19,4.23E+18,1.56E+16,2.94E+19,4.83E+16,0.828064118,0.8617451,32934.31907,52332633,0
0x54b0de285c15d27b0daa687bcbf40cea68b2807f,259,245,8.03E+19,7.88E+19,3.10E+17,3.22E+17,8.52E+17,4.54E+18,0.858391875,0.969321671,98604.22421,49696529,0
0x4c60e311d8fba04e313f7e7b3dec61b3028726d1,430,75,1.35E+21,9.12E+17,3.14E+18,1.22E+16,8.26E+18,4.38E+16,0.806824473,0.684061395,48144.44554,24312945,0
0x990c2463c7c4dcb435948e3110006f352da8e666,2378,1,8.88E+21,7.20E+16,3.73E+18,7.20E+16,7.23E+18,0,0.802640883,0,9757.060109,23212046,0
0x8a07183cec562506f7ec29be42d7f5a14ee9e484,10,261,3.81E+19,5.30E+19,3.81E+18,2.03E+17,1.09E+19,4.79E+17,0.866857784,0.739477825,76258.82288,20666141,0
0x53e3a7ec57132173ce615debb9a303fd2cd86789,1,43,4.00E+17,1.58E+20,4.00E+17,3.68E+18,0,1.57E+19,0,0.928936991,1341212.295,59013341,0
0x5bd2cecdc30656adc2ce23812dce369ccca3bbbd,4,81,2.75E+17,8.76E+17,6.88E+16,1.08E+16,2.86E+16,2.61E+16,0.227272727,0.75440052,139246.6,11835961,0
0xaae91d6c616ac2b07cd8cc0956ea8e60d4c220c5,20,143,1.65E+17,3.05E+17,8.25E+15,2.13E+15,7.46E+15,1.82E+15,0.45,0.378173008,185851.6564,30293820,0
0x3b74618d5c023de31bd90fcdf5875099de46a864,88,71,3.60E+21,2.17E+18,4.09E+19,3.06E+16,4.34E+19,7.41E+16,0.563349646,0.807640799,53361.61006,8484496,0
0xf93be1f6c7336e78f4a3859a9d01f44595a82ab4,8,3191,3.47E+16,6.48E+20,4.34E+15,2.03E+17,5.72E+15,4.78E+17,0.659965818,0.567157959,13136.61957,42024046,0
0x744a31ede5422355d9c2bd8c44c710404336ca84,89759,43,2.12E+23,1.81E+19,2.36E+18,4.21E+17,1.01E+19,9.02E+17,0.74561732,0.634981316,188.0427385,16886614,0
0xb4d95449f1d4a793c7d32ab23a52ab58af5fe095,527,11,9.89E+18,3.01E+18,1.88E+16,2.74E+17,1.78E+16,6.49E+17,0.363493687,0.838415692,28315.16914,15233561,0
0x0d0edbcf2c0da25ac9a79c9466989e46a8f96221,27,194,1.01E+18,3.30E+18,3.72E+16,1.70E+16,1.46E+16,5.70E+16,0.194264246,0.793995905,243624.4344,53841000,0
0x06adba5ad6c494e536cad8afa1129ab9f7cb99bf,5,4989,8.67E+17,1.31E+21,1.73E+17,2.63E+17,5.34E+16,1.77E+18,0.123147934,0.770225913,9174.820785,45819055,0
0x286e052bc8250250566683424001ee5224867d91,190,828,3.02E+19,2.20E+20,1.59E+17,2.66E+17,1.97E+17,1.51E+18,0.430475539,0.906752112,45907.71709,46734056,0
0x6e9d4b330aad2f414fa7ae1074afa266b6469364,400,80014,4.88E+18,1.87E+23,1.22E+16,2.34E+18,4.45E+16,1.06E+19,0.780091637,0.750885722,307.2724028,24709003,0
0x85dd50bb40b7770564d35d71b0c6eaf3ec1d9603,199,11,3.40E+18,3.41E+18,1.71E+16,3.10E+17,5.62E+16,3.67E+17,0.784415453,0.501498736,287487.3524,60372344,0
0xcf438fb35c4c7131e8846e4ccb5bec3ea60d7591,2,10,1.01E+18,1.53E+19,5.05E+17,1.53E+18,4.95E+17,4.56E+18,0.49009901,0.899026549,1247830.417,14973965,0
0x1e217adc6a6adc16e248af109ab7efa4d1bb252d,1,433,1.00E+15,1.19E+19,1.00E+15,2.75E+16,0,1.36E+17,0,0.904482572,15929.02535,6913197,0
0xc90044e0c8ff4142d2b39d4eb9ef17c3e3dc50d7,50,53,1.64E+17,3.91E+19,3.28E+15,7.37E+17,1.37E+15,2.27E+18,0.08195122,0.842906802,190533.3981,19624940,0
0xcfcd43d7ee21416a71c2eb9888587d52716fc77a,832,57,8.32E+19,3.30E+21,9.99E+16,5.79E+19,1.73E+15,4.17E+19,0.0006006,0.40230117,23444.14848,20841848,0
0xe7fe07e428a1fa4cdebacd6f5df8dd053966c4a8,1285,2,4.56E+19,2.66E+19,3.55E+16,1.33E+19,1.42E+17,5.43E+18,0.525029125,0.204288939,16830.892,21661358,0
0x22365168c8705e95b2d08876c23a8c13e3ad72e2,4,3,8.00E+16,1.51E+18,2.00E+16,5.03E+17,1.73E+16,6.70E+17,0.375,0.636580654,3525119.429,24675836,0
0x94cac9b8a8e597e5a934b91c0e5a06fe863bde13,463,361,2.68E+20,5.98E+19,5.79E+17,1.66E+17,1.55E+18,4.17E+17,0.809405979,0.770319552,54504.91748,44912052,0
0xa577db7575a197ea811a31bb7600fc47d3a44df7,48,98,3.92E+18,1.56E+19,8.16E+16,1.59E+17,1.12E+17,4.24E+17,0.56239364,0.826576062,54412.26027,7944190,0
0x8b350ecb6a483471e5daa6f83e688c1890ad0dc2,530,2,1.09E+20,6.33E+19,2.05E+17,3.17E+19,2.83E+17,3.13E+19,0.632089725,0.495,5862.105263,3118640,0
0xd8a5b0d3cb3b00113a0cd96856926dc555d9e752,180,1,1.94E+17,2.58E+19,1.08E+15,2.58E+19,5.72E+14,0,0.070962199,0,89371.77901,16176292,0
0x365ec7b439abcc8a3a2c4289f0868a4adcd996e9,137,72,4.43E+18,7.52E+19,3.23E+16,1.04E+18,4.31E+16,2.61E+18,0.492430749,0.769560183,48020.38756,10036261,0
0x214c1c9962761be484e365a14d9bca3739020517,11,9,1.53E+19,4.98E+16,1.39E+18,5.53E+15,4.00E+18,6.50E+15,0.884800857,0.599286033,225751.25,4515025,0
0xe65f525ec48c7e95654b9824ecc358454ea9185e,1876,1199,3.95E+19,1.18E+20,2.11E+16,9.86E+16,6.31E+16,1.16E+17,0.767781932,0.510987335,17450.69691,53660893,0
0x4fac33dabfd83d160717dfee4175d9caaa249ca5,1230,17884,1.22E+20,1.73E+20,9.95E+16,9.67E+15,6.89E+15,5.88E+16,0.004826433,0.69155802,1896.556085,36250773,0
0xa777166242ee46c33994d401e948418ac3992a1f,7,11,3.78E+18,9.20E+16,5.40E+17,8.36E+15,3.08E+17,2.33E+16,0.300075586,0.81916996,952431.3889,17143765,0
0xb9846a7d15d188263f99f2da6d1fdab2febdb0a2,15525,11401,9.83E+21,2.10E+19,6.33E+17,1.84E+15,1.53E+18,1.28E+16,0.695724549,0.804377929,1774.891109,47790718,0
0x47ff79b11cb1470329567360a9e065587d956ba3,2,5,2.50E+17,8.67E+17,1.25E+17,1.73E+17,0,5.34E+16,0,0.123147934,1267742.714,8874199,0
0xe98945936dd2f04294afd798ed7036a8e9ba6acc,20,285,4.24E+18,7.33E+19,2.12E+17,2.57E+17,1.06E+17,7.54E+17,0.276192218,0.867290632,114392.2754,34889644,0
0x39b5b0dd442703ea6d95bc52a73a42c20852c69a,190154,138,4.09E+24,5.94E+19,2.15E+19,4.30E+17,2.30E+20,1.85E+18,0.937698405,0.944848072,321.1815473,61118279,0
0xdf6164efd12678bf6a7d5a1ddf73c831493f6574,3,1568,3.31E+16,7.87E+19,1.10E+16,5.02E+16,8.58E+14,3.37E+17,0.042296073,0.851024283,6390.114577,10038870,0
0xd2584e838896792d9abea79c06ee9d6ab7f100db,104,28,8.22E+18,1.81E+18,7.90E+16,6.47E+16,9.34E+16,1.94E+17,0.343323039,0.8720912,95128.06061,12556904,0
0x2d7fa17311bda16df5cf63e24a3d69ed02f804be,19,11,1.71E+18,9.41E+17,9.01E+16,8.56E+16,2.28E+17,1.45E+17,0.822516703,0.564341663,1284269.2,38528076,0
0xf2637bbf885487be33aa264f2e5224e14aa47b53,1,3,2.06E+14,5.03E+19,2.06E+14,1.68E+19,0,2.33E+19,0,0.656420896,22008609.75,88034439,0
0x41f28833be34e6ede3c58d1f597bef429861c4e2,1574,186,6.41E+19,5.61E+19,4.07E+16,3.01E+17,1.13E+17,4.28E+17,0.614930118,0.474840053,31043.37614,54636342,0
0xdad1205bfe91b64f3ec50a02ec7913c4d23f5655,2,186,6.33E+19,1.95E+18,3.17E+19,1.05E+16,3.16E+19,9.74E+15,0.499605274,0.481805349,65415.69681,12298151,0
0x190646e10b85fbcd631c23c8cd175e25df92c338,5,3301,5.00E+16,1.29E+21,1.00E+16,3.91E+17,0,3.24E+18,0,0.628187015,7003.254991,23152761,0
0xe994c93026b13337fda5a96c4141e2e3bc7c47af,269,145,1.23E+19,7.69E+19,4.57E+16,5.30E+17,4.79E+16,1.08E+18,0.548392733,0.765077144,45225.36957,18723303,0
0xc6725ae749677f21e4d8f85f41cfb6de49b9db29,9,328,5.84E+15,2.61E+19,6.49E+14,7.96E+16,1.22E+15,1.48E+17,0.739215061,0.674662363,78754.4451,26540248,0
0xf213d198b68b10654c63a9ed05a045e1d4a50f9f,40,37,8.95E+19,3.03E+17,2.24E+18,8.19E+15,3.80E+18,1.18E+16,0.71046348,0.650511428,213817.3377,16463935,0
0xd8d48e52f39ab2d169c8b562c53589e6c71ac4d3,62,4844,3.10E+17,1.36E+20,5.00E+15,2.81E+16,0,2.66E+17,0,0.962859627,10886.55972,53409462,0
0x9348995663aadc44f725eaf56d42c9f74ce0162b,32,3453,4.50E+19,2.97E+21,1.41E+18,8.60E+17,5.39E+18,9.43E+18,0.932321766,0.943906157,13476.22152,46964632,0
0x2d04a81798ec74de48e09e3fd43ca41757d33e6a,1293,7,9.06E+19,8.00E+16,7.00E+16,1.14E+16,4.86E+17,1.73E+16,0.811157427,0.714285714,11475.26231,14917841,0
0x96843f4763b86fefd1f56aa7133e24acf2a88efd,2791,306,1.27E+21,5.05E+18,4.54E+17,1.65E+16,1.67E+18,4.26E+16,0.841779217,0.849645158,12923.7546,40024868,0
0x9a59dd314503ca509b1a3a81816b248865b9f82d,119,5028,7.53E+19,1.32E+21,6.32E+17,2.62E+17,2.13E+18,8.61E+17,0.813408577,0.800548681,2311.951039,11899612,0
0x59d34de599716aa949487230c21fbab178496671,3,1,1.02E+16,7.88E+18,3.42E+15,7.88E+18,4.66E+15,0,0.644090953,0,5023147.75,20092591,0
0xb69090fabe3f77e54e25cf59ec3630ba73533fdd,18,20,2.32E+18,1.46E+18,1.29E+17,7.32E+16,1.86E+17,6.73E+16,0.652601151,0.496896552,528713.6316,20091118,0
0xfdfd8a46146bcc7b12bcee778c4562937849181f,236,2467,6.42E+17,7.67E+20,2.72E+15,3.11E+17,2.98E+15,8.38E+17,0.471368604,0.657935935,6383.367,17254241,0
0x2910536d9d858760c440d89f7a3821a77708933c,47,30,1.16E+18,1.63E+19,2.48E+16,5.44E+17,6.55E+16,9.37E+17,0.849050929,0.748077231,428063.8831,32960919,0
